abacu abacus
abbrevi abbreviation
abel abel
abl able
aboutcalculu aboutcalculus
abraham abraham
absolut absolute
abstract abstract
academ academic
academia academia
acceler accelerated accelerating acceleration
accord according
account account
accumul accumulation
accus accused
achiev achieved achievement
acm acm
acquaint acquainted
action actions
activ active
actual actual
actuari actuarial
ad ad adding
adam adam adams
add add
addison addison
addit addition additional
adequ adequality
adic adic
adjust adjusting
adrian adrian
advanc advance advanced
aerospac aerospace
aether aether
afrikaan afrikaans
again again
agn agnes
agnesi agnesi
agre agree
agricultur agriculture
aisgaeilgegalego aisgaeilgegalego
al al
alber albers
algebra algebra algebraic
algorithm algorithm
alhazen alhazen
align aligned
allair allaire
allen allen
allow allowed allowing allows
altern alternating alternative alternatively
although although
amend amended
amer amer
america america
american american
amount amount
amp amp
amsterdam amsterdam
analys analyse analyses
analysi analysi analysis
analyst analyst
analyt analytic analytical
ancient ancient ancients
anderson anderson
andr andr
andrew andrew
angl angle
ani any
ann anne
annal annals
annett annette
anoth another
answer answer
antideriv antiderivative antiderivatives
antiqu antiquated
anton anton
antonella antonella
anxiou anxious
anyth anything
apmj apmj
apolloniu apollonius
apostol apostol
apostroph apostrophe
appear appearance appeared
appl apple
appli applied apply
applic applicable application applications
approach approach approaches
approx approx
approxim approximate approximating approximation
april april
ar ar
arab arab arabic
aragon aragon
arc arc
archaeolog archaeology
archibald archibald
archimd archimdes
archimed archimedes
architectur architecture
archiv archived
arctan arctan
area area areas
argu argued
argument argument arguments
aris arise
arithmet arithmetic
arithmetica arithmetica
arithmetico arithmetico
around around
arrang arranged
arriv arrived
art art
arthur arthur
articl article articles
articleabout articleabout
articletalk articletalk
artifici artificial
artist artists
asia asia
aspect aspect
associ associated association
astronom astronomer astronomers astronomical
astronomi astronomy
atkin atkins
attempt attempt
attribut attribution
augment augment
august august
augustin augustin
author authority authors
auto auto
avail available
averag average
avoid avoid
axi axis
axiom axioms
backbon backbone
bahasa bahasa
ball ball
barani barany
bardi bardi
baron baron
barrow barrow
bartlett bartlett
barton barton
base base based
basel basel
basi basis
basic basic
bbc bbc
bc bc
becam became
becaus because
becom become becomes becoming
bed bed
bee bee
beelei beeley
began began
begin begin
beginn beginners
behavior behavior
belief belief
believ believed
bell bell
benjamin benjamin
bentham bentham
bergson bergson
berkelei berkeley
bernhard bernhard
bernoulli bernoulli
bertrand bertrand
best best
better better
beyond beyond
bh bh
bibcod bibcode
bikol bikol
bill bill
binomi binomial
biographi biography
biologi biology
birkhaus birkhauser
birthplac birthplace
bishop bishop
biven bivens
blank blank
blood blood
bochner bochner
bodi body
boelkin boelkins
bolton bolton
bonaventura bonaventura
book book books
borel borel
borrow borrowed
bose bose
boston boston
botani botany
bound bound bounded
box boxes
boyer boyer
br br
brad brad
bradlei bradley
branch branch branches branching
break breaking
bressoud bressoud
brian brian
brief brief
brigitt brigitte
brinton brinton
britannica britannica
broad broad
brook brook brooks
brought brought
bruce bruce
bruno bruno
bucket bucket
built built
burkil burkill
busi business busy
cajori cajori
calc calc
calcul calculate calculates calculating calculation calculations calculators
calculi calculi
calculu calculus
calculushidden calculushidden
california california
call call called
calx calx
cambridg cambridge
cambridgeshir cambridgeshire
came came
cancer cancer cancerous
cannonbal cannonball
cantor cantor
captur capture
care careful
career career
carl carl
carri carry
cartan cartan
cartoon cartoon
case case cases
catal catal
categori categories category
catherin catherine
cauchi cauchy
caus caused
cavalieri cavalieri
cdot cdot
cell cell
cellular cellular
cengag cengage
center center
centralbosanski centralbosanski
centuri centuries century
certain certain
chain chain
cham cham
chang change changed changes changing
changesupload changesupload
chemic chemical
chemistri chemistry
cheng cheng
chicago chicago
child child
china china
chines chinese
chisholm chisholm
chitumbukacymraegdanskdeutsch chitumbukacymraegdanskdeutsch
choic choices
chongzhi chongzhi
choos choose
chosen chosen
chronolog chronology
cid cid
circl circle circles
circul circulation
circular circular
citat citation
cite cite
civil civil
civita civita
claim claimed claiming
clark clarke
clash clash
classic classical
claudia claudia
clear clear
clearli clearly
cliff cliff
clinic clinical
close close closed
cloud cloud
cnidu cnidus
co co cos
code code
codifi codifying
coeffici coefficient
cohen cohen
cole cole
colin colin
collabor collaborators
collect collection
colleg college
color coloration
com com
combin combination combine combined
combinator combinatorics
come comes
common common commons
commonsnew commonsnews
commonswikibookswikiquotewikiversitywikidata commonswikibookswikiquotewikiversitywikidata
commut commutative
companion companion
comparison comparison
compendium compendium
complet complete
complex complex complexity
compon components
comput computation computational computations compute computed computer computers computing
concav concave concavity
concept concept conception concepts
conceptu conceptual
concern concerning
concret concrete
condens condensation
conduct conduct
conduitt conduitt
cone cone
confer conference
conjunct conjunction
connect connection
consequ consequently
consid considered considering considers
consist consistent
constant constant
constitut constitutes
construct construction constructive
consult consulting
contact contact contacts
contain contains
contemporari contemporary
content content contents
contextu contextual
continent continental
continu continuing continuity continuous
contour contour
contribut contribute contributed contribution contributions
contributor contributor
control control
controversi controversy
conveni convenient
converg convergence converges
cook cooke
cookbook cookbook
cooki cookie
cool cooling
copenhagen copenhagen
corpuscular corpuscular
correct correct
correspond corresponding
corrupt corruptions
cosimo cosimo
cosin cosine
cost cost
cote cotes
count counting
countri country
cour cours
courant courant
cours course courses
cousineau cousineau
cradl cradle
cranburi cranbury
creat create
creativ creative
credit credit
critic criticism criticized
cross cross
cs cs
cube cubed
cupillari cupillari
curl curl
curv curve curved curves
curvatur curvature
cycloid cycloid
cye cye
cylind cylinder
cylindr cylindrical
daili daily
dainian dainian
dalian dalian
dana dana
daniel daniel daniell
darboux darboux
dash dash
databas databases
dataczech dataczech
date date dates
datewikipedia datewikipedia
daubin daubin
davi davis
david david
de de des
deal deal
death death
debaggi debaggis
deborah deborah
decai decay
decemb december
decis decision
decomposit decomposition
default default
defin define defined defines
definit definite definition definitions
delta delta
demographi demography
demonstr demonstration
denni dennis
denomin denominator
denot denoted denotes
densiti density
depart departed
depend dependent
depict depict depictions
depth depth
deriv derivations derivative derivatives derive derived
describ describe described describes describing
descript description
descriptionshort descriptionshort
deserv deserved
design designing
desir desired
determin determinant determination determine determined determining
detriment detriment
develop developed developers developing development developments
development developmental
di di
dia dia
dictionari dictionary
differ difference differences different differing differs
differenti differential differentials differentiating differentiation
difficult difficult
diminut diminutive
dinger dinger
diophantin diophantine
diophantu diophantus
dirac dirac
direct direct directional
dirichlet dirichlet
disambigu disambiguation
disc disc discs
discipl disciple
disciplin discipline disciplines
disclaim disclaimers
discov discover discovered
discoveri discoveries discovery
discret discrete
discuss discussed
displaystyl displaystyle
disput dispute
disreput disreputable
distanc distance distances
distribut distributions
diverg divergence
divid divide divided dividing
divis division
dmy dmy
doi doi
doliorum doliorum
domain domain
don don
donald donald
donat donate
dordrecht dordrecht
dorothi dorothy
doubl double doubling
dover dover
download download
draw drawing
drawn drawn
drug drug
dt dt
dual dual
due due
dun dun
dvd dvd
dx dx
dy dy
dynam dynamics
earli early
earlier earlier
earliest earliest
earth earth
easi easy
easier easier
easili easily
east east
ecolog ecology
econom economics
ed ed eds
edit edit edited edition
editcommun editcommunity
edmund edmund
edu edu
educ education
edward edwards
edwin edwin
effort effort
egypt egypt
egyptian egyptian
eighteenth eighteenth
einar einar
einstein einstein
elaps elapsed elapses
elea elea
electr electrical
electromagnet electromagnetic electromagnetism
electron electronics
element elements
elementari elementary
elif elif
elimin eliminated
elizabeth elizabeth
ellips ellipse
elong elongated
els else
elsevi elsevier
em ems
emphasi emphasis
emploi employing
en en
enclos enclosed
encod encoding
encyclop encyclop
encyclopaedia encyclopaedia
encyclopedia encyclopedia
end end
endur endured
energi energies
engin engineering engineers
english english
enlighten enlightening
entir entire
entiti entities
entomolog entomology
environ environments
environment environmental
epsilon epsilon
equal equal equality equals
equat equation equations
equival equivalent
eric eric
ericdigest ericdigests
erron erroneous
error error errors
espa espa
especi especially
establish establish established
et et
etgen etgen
ethic ethical ethics
etymolog etymology
euclidean euclidean
eudoxu eudoxus
eugenia eugenia
euler euler
europ europe
european european
even even
event events
eventsrandom eventsrandom
eventu eventually
everyon everyone
evolutionari evolutionary
exact exact
examin examination
exampl example examples
exce exceeds
exchang exchange
exclud excluded
excurs excursion
exhaust exhaustion
exhibit exhibiting
exist existence
expand expanding
expans expansion expansions
expect expectation
expedit expedition
experi experimenting
exponenti exponential
export export
express expressed expressing expression
extend extended
extent extent
exterior exterior
extern external
extract extract extracts
extrem extreme
extremum extremum
fa fa
fact fact
factori factorial
famili family
famou famous
famous famously
fan fan
fast fast
fastidi fastidiousness
favor favor
februari february
feingold feingold
felicif felicific
fell fell
fellowship fellowship
fermat fermat
fermi fermi
ferraro ferraro
ff ff
field field fields
fierc fiercely
fiji fiji
fileperman filepermanent
filespeci filespecial
film films
filter filter
final final finally
financ finance
find find finding
fingo fingo
finit finite
finnei finney
first first
fit fit
fix fix fixed
flat flat
florian florian
flow flow
flower flower
fluctuat fluctuating
fluid fluid
fluxion fluxion fluxions
focu focus
follow following
foot footing
forc force forces
foreshadow foreshadowing
foreword foreword
forg forged
form form formed forms
formal formal formalisms formalizations formalized
formul formulated formulation
formula formula formulae formulas
found found
foundat foundation foundational foundations
four four
fourier fourier
fourth fourth
fox fox
frac frac
fractal fractal
fraction fractional fractions
framework framework
franca franca
frank frank
franklin franklin
frautschi frautschi
free free
freeman freeman
french french
friend friend
frullani frullani
frustum frustum
full full
function function functional functions
functionsand functionsand
fundament fundamental
further further
furthermor furthermore
futur future
gabriel gabriel
gaetana gaetana
gain gain
game game
garber garber
gardner gardner
gargoyl gargoyle
garret garret
gatterdam gatterdam
gauss gauss
gaussian gaussian
gave gave
gbur gbur
gener general generality generalizations generalized generally
genet genetics
gengzhi gengzhi
geographi geography
geologi geology
geometr geometric geometrical geometrically
geometri geometry
georg georg george
geoscienc geosciences
gerald gerald
get get
ghost ghosts
giant giants
gibson gibson
gilbert gilbert
giordano giordano
giovanni giovanni
give give gives
given given
gleason gleason
global global
glossari glossary
go go going
goal goal
goeth goethe
gonick gonick
goodstein goodstein
gottfri gottfried
gower gowers
grabin grabiner
gradient gradient
graham graham
grai gray
graph graph graphs
graphic graphic
grattan grattan
gravit gravitation gravitational
graviti gravity
great great
greater greater
greatest greatest
greatli greatly
greec greece
greek greek
green green
greg greg
gregori gregory
group group
grow grows
growth growth
guicciardini guicciardini
guid guide
guin guinness
haar haar
hafner hafner
hak hak
half half
hall hall
hallett hallett
hammurapi hammurapi
happen happens
hardwar hardware
harlow harlow
harmon harmonic
hasan hasan
hass hass
hausa hausa
haytham haytham
hazewinkel hazewinkel
hdl hdl
heat heat
heavisid heaviside
hebrew hebrew
hegel hegel
height height
hellenist hellenistic
helling hellinger
helmholtz helmholtz
help help
helplearn helplearn
hemispher hemisphere
henri henri henry
henstock henstock
hererel hererelated
herman herman
hessian hessian
heywood heywood
hidden hidden
hide hide
high high
higher higher
hill hill hille
hindifran hindifran
hindu hindu hindus
histor historic historical historically
histori history
historia historia
hm hm
hoboken hoboken
hoffmann hoffmann
hold hold
hollingdal hollingdale
home home
homogen homogeneity
homolog homological
homotopi homotopy
hook hooke
horizont horizontal
horn horn
hour hours
houston houston
howard howard
howev however
hrvatskijaku hrvatskijaku
html html
http http https
hu hu
hugh hugh hughes
hui hui
hundr hundred
hungarian hungarian
hungri hungry
huw huw
hyperbol hyperbolic
hypercomplex hypercomplex
hyperfinit hyperfinite
hyperinteg hyperinteger
hyperr hyperreal
hypothes hypotheses
ibanidobahasa ibanidobahasa
ibn ibn
ichthyolog ichthyology
idea idea ideas
ident identities
idiom idiom
idiosyncrat idiosyncratic
ii ii
iii iii
illustr illustrated
imag image
imagespag imagespages
imhausen imhausen
immedi immediate immediately
imomath imomath
impact impact
imperi imperial
impli imply
implicit implicit
import importance
imprecis imprecise
improp improper
imr imre
ina ina
inasloven inasloven
inc inc
incap incapable
incept inception
includ include included including
incompat incompatibility
incomplet incomplete
incorpor incorporating
increment increment
indefinit indefinite indefinitely
independ independent independently
indetermin indeterminate
index index
india india
indian indian
indic indication
individu individual
indivis indivisibles
indonesiainterlingua indonesiainterlingua
inequ inequalities
inertia inertia
infin infinity
infini infiniment
infinit infinite infinitely
infinitesim infinitesimal infinitesimally infinitesimals
inflect inflection
influenc influenced
inform informal information
informationcit informationcite
input input inputs
insecur insecure
insight insight insights
insist insists
instanc instance
instantan instantaneous
instead instead
institut institute institution
instruct instructions
instrument instrument
int int
integ integer
integr integral integrals integrating integration
integrand integrand
integro integro
intellig intelligence
intend intend intended
intercept intercept
interest interest interesting
intern internal international
internation internationalization
interpret interpreted
interrel interrelations
intersci interscience
interv interval intervals
intrins intrinsic
introduc introduce introduced
introduct introduction
intuit intuitive
invent invented inventing invention
inventor inventor
invers inverse
involv involved involves involving
ipec ipec
iraq iraq
irl irl
irrat irrational
irregularli irregularly
isaac isaac
isbn isbn
isbnwebarch isbnwebarchive
isi isis
islam islam
issn issn
item item
iter iteration
jacobian jacobian
jacquelin jacqueline
jame james
januari january
japan japan
jason jason
jawakadazandusun jawakadazandusun
jeff jeff
jeffrei jeffrey
jesper jesper
jewish jewish
joel joel
johann johannes
john john
jone jones
joseph joseph
journal journal
journei journey
jstor jstor
judith judith
juli july
jullien jullien
jump jump
june june
kardar kardar
katz katz
kei key
keill keill
keisler keisler
kel kel
kenneth kenneth
kepler kepler
kerala kerala
khinchin khinchin
kingdom kingdoms
kiss kissing
kleitman kleitman
kline kline
kluwer kluwer
knew knew
knot knot
know know knowing
known known
kolmogorov kolmogorov
krantz krantz
kreinovich kreinovich
kripa kripa
kurzweil kurzweil
lagrang lagrange
lai laying
laid laid
lambda lambda
landau landau
landmark landmark
lane lane
languag language languages
laplac laplace
laplacian laplacian
larg large
larri larry
larson larson
last last
late late
later later
latin latin latinized
latinalatvi latinalatvie
latter latter
laurenc laurence
laurent laurent
law law laws
lawver lawvere
layout layout
lead lead leading
leader leader
learn learned learning
least least
lebedev lebedev
lebesgu lebesgue
lectur lectures
led led
left left
legal legal
legendr legendre
leibniz leibniz
length length lengths
leonhard leonhard
leonid leonid
less less
let let
letter letters
levi levi
lewiston lewiston
licens license
life life
light light
like like
lim lim
limburgslingua limburgslingua
limit limit limitations limiting limits
line line lines
linear linear linearity
ling ling
linguist linguistics
link link links
linkpag linkpage
linksc linkscs
list list lists
listsintegr listsintegrals
liu liu
loftsgaarden loftsgaarden
log log
logarithm logarithm logarithmic
logic logic logical logically
london london
look look looked
loretta loretta
lost lost
loui louis
low low
lower lower
ltd ltd
luminifer luminiferous
lux lux
lynn lynn
ma ma
machin machine
machineri machinery
mackenzi mackenzie
maclaurin maclaurin
macmillan macmillan
made made
madhava madhava
mag mag
magazin magazine
mahonei mahoney
main main
mainli mainly
maint maint
major major
make make makes
malliavin malliavin
mandat mandates
mani many
manifold manifold
manipul manipulate manipulating manipulation manipulations
manor manor
manuscript manuscripts
march march
margaret margaret
margin marginal
mari mary
maria maria
mark mark
martin martin
mass mass
massachusett massachusetts
materi materials
math math maths
mathemat mathematical mathematically mathematics
mathematica mathematica
mathematician mathematician mathematicians
mathrm mathrm
mathworld mathworld
matrix matrix
mauric maurice
maxim maximal maximization maximize
maxima maxima
maximi maximis
maximum maximum
maxwel maxwell
mazur mazur
mccallum mccallum
mcgraw mcgraw
mcquarri mcquarrie
mdp mdp
mean mean meaning means
measur measure measuring
mechan mechanical mechanics
medal medal
media media
medicin medicine
mediev medieval
mehran mehran
melayuminangkabau melayuminangkabau
mellen mellen
member members
membership membership
mengoli mengoli
mentor mentor
menu menu
mere mere
merton merton
metal metal
metaphys metaphysical metaphysics
meteorolog meteorology
meter metered
method method methods
methodu methodus
metric metric
michael michael
michel michel
michiel michiel
microcontinu microcontinuity
microeconom microeconomics
mid mid
middl middle
midpoint midpoint
mile mile miles
miller miller
mind mind
minima minima
minimi minimis
minimum minimum
miscellan miscellaneous
miscellanea miscellanea
mit mit
mo mos
mobil mobile
model model modeled modeling
modern modern moderns
moeb moebs
moivr moivre
molecular molecular
moment moment
momentum momentum
monad monad
monotyp monotype
monthli monthly
monument monument
morri morris
morrow morrow
moscow moscow
motion motion
motiv motivating
motu motu
mouth mouth
move move
mph mph
mt mt
much much
muddl muddles
multi multi
multilinear multilinear
multipl multiple multiplication
multipli multiplied multiplier multiplying
multivari multivariable
murrai murray
mx mx
mycolog mycology
mystic mysticism
name name namely naming
namesak namesake
nanci nancy
nanotechnolog nanotechnology
nasa nasa
nationalunit nationalunited
natur natural nature
naturali naturalis
nautilu nautilus
navig navigation
nd nd
near near
nearbi nearby
necessari necessary
need need needed
neg negative
neglect neglecting
nephew nephew
net net
netovep netoveps
network networks
netz netz
neuhaus neuhauser
neumann neumann
new new news
newton newton
newtonian newtonian newtonianism
newtonpubl newtonpublications
next next
ng ng
niccol niccol
nicol nicole
niec niece
nilpot nilpotent
nilsquar nilsquare
nine nine
nineteenth nineteenth
nj nj
non non
nonstandard nonstandard
norma norma
norsk norsk
notabl notably
notat notation notations
notation notationally
note notes
notion notion notions
nova nova
novamadhur novamadhur
novemb november
nowadai nowadays
number number numbers
numer numerical
nynorskoccitanoromoo nynorskoccitanoromoo
object object objects
oblat oblateness
obtain obtained
occasion occasionally
occult occult
occupi occupied
oclc oclc
octob october
odyssei odyssey
okounkov okounkov
oldid oldid
olenick olenick
olesperantoeuskara olesperantoeuskara
onlin online
onmathemat onmathematics
open open
opencoursewar opencourseware
openstax openstax
oper operation operations operator
optic optical
optick opticks
optim optimal optimization
optimist optimistic
orbit orbits
order order
ordinari ordinary
oresm oresme
org org
organ organization
origin origin original originally origins
ornitholog ornithology
out out
outer outer
outlin outline
output output outputs
oval ovals
over over
overestim overestimate
overspil overspill
oxford oxford
pacif pacific
page page pages
pagecontentscurr pagecontentscurrent
pageget pageget
pagesus pagesuse
pageswikipedia pageswikipedia
painstak painstaking
paint painting
paper papers
papyru papyrus
parabola parabola
paraboloid paraboloid
paradox paradoxes
parallelogram parallelogram
paramet parameter
parameter parameterized
parameterpag parameterpages
parametr parametric
park park
part part parts
partial partial
particip participating
particl particles
particular particular
particularli particularly
partit partition
pass passes
path path
patholog pathological
patoisportugu patoisportugu
patricia patricia
paumier paumier
pdf pdf
pdfprintabl pdfprintable
pearson pearson
pebbl pebble pebbles
pepi pepys
perfect perfection
perform performed performing
pergamon pergamon
period period
perish perish
perloff perloff
persia persia
persist persists
person personal
peter peter
petit petits
petti pettis
pfeffer pfeffer
phil phil
philadelphia philadelphia
philip philip
philosoph philosopher philosophers philosophical
philosophi philosophy
philosophia philosophiae
php php
physic physical physics
physicist physicists
physicistindian physicistindian
pickov pickover
piec piece
pierr pierre
pital pital
pizza pizza
plagiar plagiarism
plane plane
planetari planetary
planetmath planetmath
planimet planimeter
plot plotting
plummer plummer
pmid pmid
point point points
polici policy
polygon polygon
polymath polymath
polynomi polynomial
pool pool
popul population
portal portal
portalrec portalrecent
portalvt portalvte
portrait portrait
posit position positive
possibl possible
post post
potenti potential
power power powerful powers
pp pp
practic practical practice
precalculu precalculus
precis precise precisely
precursor precursor precursors
predecessor predecessors
prentic prentice
present present
press press
pressur pressure
prime prime
primer primer
princeton princeton
principia principia
principl principle principles
print print
prioriti priority
privaci privacy
pro pro
probabl probability
problem problem problems
probst probst
procedur procedure
process process processes processing
produc produce produced produces
product product
professor professor
profit profit
program programs
project project projects
prolifer proliferation
pronounc pronounced
proof proof proofs
properti properties property
proposit propositional
protect protected
prototyp prototype
prove prove proved proving
provid provide provided provides providing
psychiatri psychiatry
psycholog psychology
pte pte
pub pub
public publications
publish publish published publishers publishing
puiseux puiseux
pulleyn pulleyn
pump pump
put put
pyramid pyramid
qr qr
quadrat quadratic
quadratur quadrature
quaestion quaestiones
quantiti quantities
quantum quantum
quaternion quaternionic
queri queries
quest quest
question questions
quick quick
quickli quickly
quotient quotient quotients
rabouin rabouin
radian radian
radii radii
radioact radioactive
rai ray
random random
rang range
rate rates
rather rather
ratio ratio
ration rational
rd rd
reach reach
reaction reaction
read read reading
reader reader
readview readview
real real
realis realised
realiz realization realize
realm realm
reason reason
record records
recreat recreational
rectangl rectangle rectangles
rectangular rectangular
red red
rediscov rediscovered
reduct reduction
redux redux
refer reference references refers
referencearticl referencearticles
reflect reflections
reflector reflector
reformul reformulations
regard regarded
regiomontanu regiomontanus
region region
regist registered
regul regulated
regular regular
reinhard reinhard
reinterpret reinterpretation
reject rejected rejecting rejection
rel relativity
relat relate related relates relations
relationship relationship
reliabl reliable
religi religious
remain remain
render rendered
rephras rephrased
replac replaced replacing
repres represent represented represents
represent representation
reprint reprinted
reproach reproach
reproduct reproduction reproductive
republicisraelotheryal republicisraelotheryale
requir require required
research research
resembl resembling
resolv resolve
resourc resources
respect respect respected
result resulting results
retriev retrieved
reveal reveals
revenu revenue
reviel reviel
review review
revisit revisited
reviv revived
revolv revolving
reynold reynolds
ricci ricci
rice rice
richard richard
riemann riemann
right right
rigor rigor rigorous
ring rings
risch risch
rise rise
rk rk
roam roaming
robert robert
robinson robinson
robot robotics
roger roger
role role
roll rolle
rom rom
rome rome
ron ron
root root
ross ross
rotat rotating
royal royal
rsnr rsnr
rspta rspta
rsta rsta
rule rule rules
rump rump
run run
runa runa
russel russell
russo russo
safeti safety
sai say saying
sala salas
samuel samuel
sandrin sandrine
sangamagrama sangamagrama
sanni sanny
sasturianu sasturianu
saturnino saturnino
saunder saunders
scale scale scaled scales
scholar scholar
scholium scholium
school school schools
schr schr
schrader schrader
schultz schultze
schuster schuster
schwartz schwartz
scienc science sciences
scientif scientific
scientist scientists
scot scots
scott scott
scriptur scripture
sculptur sculpture
search search
searcharticl searcharticles
secant secant
second second
section sections
secur secure
see see
segment segment segments
semi semi
sens sense
sent sent
septemb september
sequenc sequence sequences
sequent sequent
seri series
set set setting
seventeenth seventeenth
sever several
shankar shankar
shape shape shaped
share shared
sharealik sharealike
shell shell shells
shirlei shirley
short short
shorten shortened
shorthand shorthand
shoulder shoulders
show show showed shows
shown shown
shukla shukla
siam siam
side sided
sidebar sidebar
siegfri siegfried
siegmund siegmund
sign sign
signific significance significant
silvanu silvanus
simi simi
similar similar
simon simon
simpl simple
simpson simpson
sin sin
sinc since
sine sine
singl single
sir sir
sister sister
siswatisloven siswatisloven
site site sites
six six
sixteen sixteen
sixth sixth
skara skara
skeptic skeptics
skorokhod skorokhod
slenskaitaliano slenskaitaliano
slide sliding
slope slope slopes
small small
smaller smaller
smooth smooth
social social
societi society
sociolog sociology
socrat socrates
solid solid
solut solution solutions
solv solve solving
somervil somerville
sometim sometimes
somewhat somewhat
son son sons
sonn sonn
soon soon
sort sort
sound sound soundness
sourc sources
sourceview sourceview
south south
space space
spacecraft spacecraft
spatial spatial
speak speaking
special special specialized
specif specific
spectral spectral
spectrum spectrum
speed speed speeds
spend spend
sphere sphere spheres
spiral spiral
spivak spivak
springer springer
squar squares squaring
srpskisrpskohrvatski srpskisrpskohrvatski
stack stack
stai stay
stand standing
standard standard
stanford stanford
start starting starts
statal statal
state state stated states
statement statement
statesfrancebnf statesfrancebnf
stationari stationary
statist statistical statistics
steadi steady
stedal stedall
steen steen
steinmetz steinmetz
stenhous stenhouse
stephen stephen
stereometria stereometria
steven steven
stewart stewart
stieltj stieltjes
still still
stirl stirling
stochast stochastic
stoke stokes
stole stole
stone stone
straight straight
strain strain
strang strang
stratonovich stratonovich
structur structural structure
stuart stuart
student student
studi studied studies study studying
stukelei stukeley
subject subject
subscript subscription
subsect subsection
substitut substitution
suggest suggest suggested
suit suit suited
sum sum sums
summand summand
summat summation
suomisvenskatagalog suomisvenskatagalog
surfac surface surfaces
surreal surreal
survei survey
swim swimming
symbol symbol symbols
sympathet sympathetic
synthet synthetic
system system systems
tabl table
tackl tackled
take take takes taking
taken taken
talli tallying
tangent tangent
taxi taxis
taylor taylor
teach teaching
teacher teacher
technic technical
techniqu techniques
technolog technology
technologist technologists
telescop telescope telescopes telescoping
templ temple
templat template
tend tends
tensor tensor
term term terms
test test tests
texa texas
text text texts
textbook textbooks
textstyl textstyle
th th
theme themes
themselv themselves
theorem theorem theorems
theoret theoretical
theori theories theory
therefor therefore
thin thin
think think thinking
thoma thomas
thompson thompson
though though
thought thought
three three
thu thus
thunder thunder
ti ti
time time times
timelin timeline
timothi timothy
tina tina
titl title
todai today
togeth together
toggl toggle
tom tom
tool tool tools
top top
topic topic topics
topolog topology
toponym toponyms
total total
trademark trademark
train training
transact transactions
transcendent transcendental transcendentals
transfer transfer
transform transform
translat translated translates
trapezoid trapezoidal
travel traveled traveling travels
treat treated
treatis treatise
treatment treatment
tree tree
tri tried
trigonometr trigonometric
true true
truncat truncated
try trying
tumor tumor
turn turn turns
tutor tutor
two two
type type types
tzen tzen
ubiquit ubiquitous
ulietuvi ulietuvi
undefin undefined
under under
undergradu undergraduate
understand understand understanding
understood understood
unequivoc unequivocally
unifi unifying
uniform uniform
uniformli uniformly
unit unit
univers universal universe university
unknown unknown
unlik unlike
unlu unlu
unpublish unpublished
unrigor unrigorous
unspecifi unspecified
until until
unwin unwin
upon upon
upper upper
urldownload urldownload
usag usage
usual usual usually
utc utc
vagu vague
valid validate
valloi vallois
valu value values
vanish vanishes
vari varies
variabl variable variables
variat variation variations
various variously
vector vector
veloc velocity
versa versa
version version
vertic vertical
vessel vessel
vi vi
via via
vice vice
victor victor
view view views
vii vii
vincent vincent
virolog virology
vision vision
vladik vladik
vol vol
volum volume volumes
von von
vote votes
vte vte
vtecalculusprecalculu vtecalculusprecalculus
vteglossari vteglossaries
vteinfinitesimalshistori vteinfinitesimalshistory
vteintegralstyp vteintegralstypes
vtemajor vtemajor
vtesir vtesir
wai way
waldman waldman
walli wallis
waltham waltham
war wars
warren warren
washer washer washers
wayback wayback
weierstrass weierstrass
weight weight
weil weil
weir weir
weird weird
weisstein weisstein
well well
weslei wesley
western western
westfal westfall
what what
whatsoev whatsoever
wherev wherever
which which
while while
whiston whiston
who who
whose whose
width width
wikibooksresourc wikibooksresources
wikidatawikipedia wikidatawikipedia
wikimedia wikimedia
wikinewsquot wikinewsquotations
wikipedia wikipedia
wikipediacontact wikipediacontact
wikiproject wikiproject
wikiquotetext wikiquotetexts
wikisourc wikisource
wikisourcetextbook wikisourcetextbooks
wikivers wikiversity
wiktionari wiktionary
wiktionarymedia wiktionarymedia
wilei wiley
wilhelm wilhelm
william william
winarai winaray
wisc wisc
wise wise
wish wished
within within
without without
woman woman
wonder wonderful
woolsthorp woolsthorpe
word word words
wordcatch wordcatcher
work work working works
world world
wrestl wrestled
wright wright
write writings
written written
wrote wrote
www www
xa xa
xerox xerox
xii xii
xmm xmm
xxvii xxvii
year years
yield yields
york york
zazaki zazaki
zeno zeno
zero zero
zhii zhiying
zill zill
zu zu
